Index,Location,Section,Check,Name,Item_Required
0,Motherlobe,NULL,ML_PsiCard1_Check,Otto's Vendor,Motherlobe_Access
1,Motherlobe,NULL,ML_PsiCard2_Check,Bushes near Nerve Center,Motherlobe_Access
2,Motherlobe,NULL,ML_PsiCard3_Check,Classroom Hall Entrance,Motherlobe_Access
3,Motherlobe,NULL,ML_PsiCard4_Check,Ivy in Hallway,Motherlobe_Access
4,Motherlobe,NULL,ML_PsiCard5_Check,Artifact Storage Room,Motherlobe_Access
5,Motherlobe,NULL,ML_PsiCard6_Check,Sasha's Lab,Motherlobe_Access
6,Motherlobe,NULL,ML_PsiCard7_Check,Between Milla & Sasha's Offices,Motherlobe_Access
7,Motherlobe,NULL,ML_PsiCard8_Check,Milla's Office,Motherlobe_Access
8,Motherlobe,NULL,ML_PsiCard9_Check,Noodle Bar Ivy,Motherlobe_Access
9,Motherlobe,NULL,ML_PsiCard10_Check,Noodle Bar Light Fixture,Motherlobe_Access
10,Motherlobe,NULL,ML_PsiCard11_Check,Nerve Center Under Stairs,Motherlobe_Access
11,Motherlobe,NULL,ML_PsiCard12_Check,Nerve Center Chair,Motherlobe_Access
12,Motherlobe,NULL,ML_PsiCard13_Check,Truman's Office Pond,Motherlobe_Access
13,Motherlobe,NULL,ML_PsiCard14_Check,Truman's Office Shelf,Motherlobe_Access
14,Motherlobe,NULL,ML_PsiCard15_Check,Truman's Boardroom,Motherlobe_Access
15,Motherlobe,NULL,ML_PsiCard16_Check,Intern Lockers,Motherlobe_Access
16,Motherlobe,NULL,ML_PsiCard17_Check,Intern Classroom,Motherlobe_Access
17,Motherlobe,NULL,ML_PsiCard18_Check,Mailroom Entrance,Motherlobe_Access
18,Motherlobe,NULL,ML_PsiCard19_Check,Mailroom Entrance 2,Motherlobe_Access
19,Motherlobe,NULL,ML_PsiCard20_Check,Mailroom on Package,Motherlobe_Access
20,Motherlobe,NULL,ML_PsiCard21_Check,Mailroom Upper Conveyor,Motherlobe_Access
21,Motherlobe,NULL,ML_PsiCard22_Check,Mailroom Upper Conveyor 2,Motherlobe_Access
22,Motherlobe,NULL,ML_PsiCard23_Check,Ford's Barbershop,Motherlobe_Access
23,Motherlobe,NULL,ML_PsiCard24_Check,Atrium Floating Platform 1,"MentalConnection, Motherlobe_Access, ThoughtTuner"
24,Motherlobe,NULL,ML_PsiCard25_Check,Atrium Floating Platform 2,"MentalConnection, Motherlobe_Access, ThoughtTuner"
25,Motherlobe,NULL,ML_PsiCard26_Check,Bowling Alley Shoe Counter,"Motherlobe_Access, Senior_League_Card"
26,Motherlobe,NULL,ML_PsiCard27_Check,Bowling Alley Lane,"Motherlobe_Access, Senior_League_Card"
27,Motherlobe,NULL,ML_SupplyChests1_Check,Noodle Bar,Motherlobe_Access
28,Motherlobe,NULL,ML_SupplyChests2_Check,Artifact Storage,Motherlobe_Access
29,Motherlobe,NULL,ML_SupplyChests3_Check,Nerve Center,"MentalConnection, Motherlobe_Access"
30,Motherlobe,NULL,ML_SupplyChests4_Check,Ford's Barbershop,Motherlobe_Access
31,Motherlobe,NULL,ML_SupplyChests5_Check,Bowling Alley,"Motherlobe_Access, Senior_League_Card"
32,Motherlobe,NULL,ML_SupplyChests6_Check,Mailroom Office,Motherlobe_Access
33,Motherlobe,NULL,ML_SupplyKey1_Check,Artifact Room Key,Motherlobe_Access
34,Motherlobe,NULL,ML_SupplyKey2_Check,Milla's Office Key,Motherlobe_Access
35,Motherlobe,NULL,ML_SupplyKey3_Check,Hollis' Office Key,Motherlobe_Access
36,Motherlobe,NULL,ML_SupplyKey4_Check,Mailroom Stairs Key,Motherlobe_Access
37,Motherlobe,NULL,ML_SupplyKey5_Check,Truman's Office Key,Motherlobe_Access
38,Motherlobe,NULL,ML_SupplyKey6_Check,Mailroom Fan Key,"TimeBubble, Motherlobe_Access"
39,Motherlobe,NULL,ML_PsyChallengeMarkers1_Check,Sasha's Office,Motherlobe_Access
40,Motherlobe,NULL,ML_PsyChallengeMarkers2_Check,Noodle Bar,Motherlobe_Access
41,Motherlobe,NULL,ML_PsyChallengeMarkers3_Check,Intern Classroom,Motherlobe_Access
42,Motherlobe,NULL,ML_PsyChallengeMarkers4_Check,Truman's Boardroom,Motherlobe_Access
43,Motherlobe,NULL,ML_PsyChallengeMarkers5_Check,Atrium Floating Platform,"MentalConnection, Motherlobe_Access, ThoughtTuner"
44,Motherlobe,NULL,ML_PsyChallengeMarkers6_Check,Bowling Alley,"Motherlobe_Access, Senior_League_Card"
45,Motherlobe,NULL,ML_PsyChallengeMarkers7_Check,Mailroom,Motherlobe_Access
46,Motherlobe,NULL,ML_PsyChallengeMarkers8_Check,Mailroom 2 behind door,"Projection, Motherlobe_Access"
47,Motherlobe,NULL,DayOldSushi_check,Day Old Sushi,Motherlobe_Access
48,Motherlobe,NULL,EnemySurveillanceDevice_check,Enemy Surveillance Device,"Projection, Motherlobe_Access"
49,Motherlobe,NULL,NamePlaque_check,Name Plaque,Motherlobe_Access
50,Motherlobe,NULL,DeckOfCards_check,Deck of Cards,"Telekinesis, Motherlobe_Access, Senior_League_Card"
51,Motherlobe,NULL,AstronautIceCream_check,Astronaut Ice Cream,Motherlobe_Access
52,Motherlobe,NULL,Classic_Outfit_check,Scav Hunt Bathroom Check 1,"Motherlobe_Access, All_ScavHunt_Items"
53,Motherlobe,NULL,Circus_Outfit_check,Scav Hunt Bathroom Check 2,"Motherlobe_Access, All_ScavHunt_Items"
54,Motherlobe,NULL,Suit_Outfit_check,Scav Hunt Bathroom Check 3,"Motherlobe_Access, All_ScavHunt_Items"
55,Quarry,NULL,Quarry_PsiCard1_check,Jet Tail,Quarry_Access
56,Quarry,NULL,Quarry_PsiCard2_check,Log in Water,Quarry_Access
57,Quarry,NULL,Quarry_PsiCard3_check,Rock Ivy before Lili's Garden,Quarry_Access
58,Quarry,NULL,Quarry_PsiCard4_check,Rock Wall below Lili's Garden,Quarry_Access
59,Quarry,NULL,Quarry_PsiCard5_check,Otto's Lab,Quarry_Access
60,Quarry,NULL,Quarry_PsiCard6_check,Otto's Lab 2,Quarry_Access
61,Quarry,NULL,Quarry_PsiCard7_check,Otto's Lab 3 behind fan,"TimeBubble, Quarry_Access"
62,Quarry,NULL,Quarry_PsiCard8_check,Motherlobe Scaffolding,Quarry_Access
63,Quarry,NULL,Quarry_PsiCard9_check,Treehouse,Quarry_Access
64,Quarry,NULL,Quarry_PsiCard10_check,Treehouse 2,Quarry_Access
65,Quarry,NULL,Quarry_PsiCard11_check,Lower Dam,Quarry_Access
66,Quarry,NULL,Quarry_PsiCard12_check,Tightrope Outside Psychoisolation,Quarry_Access
67,Quarry,NULL,Quarry_PsiCard13_check,Top of Psychoisolation,Quarry_Access
68,Quarry,NULL,Quarry_PsiCard14_check,Grindrail outside Psychoisolation,Quarry_Access
69,Quarry,NULL,Quarry_PsiCard15_check,Path to Blastcap Becky's Cave,Quarry_Access
70,Quarry,NULL,Quarry_PsiCard16_check,Path to Questionable Area,Quarry_Access
71,Quarry,NULL,Quarry_PsiCard17_check,Back of Blastcap Becky's Cave,Quarry_Access
72,Quarry,NULL,Quarry_PsiCard18_check,Blastcap Becky's Cave Grindrail,Quarry_Access
73,Quarry,NULL,Quarry_SupplyChests1_check,Motherlobe Support Beams,Quarry_Access
74,Quarry,NULL,Quarry_SupplyChests2_check,Treehouse,Quarry_Access
75,Quarry,NULL,Quarry_SupplyChests3_check,Otto's Lab,Quarry_Access
76,Quarry,NULL,Quarry_SupplyChests4_check,Ivy Rock Island,Quarry_Access
77,Quarry,NULL,Quarry_SupplyKey1_check,Motherlobe Upper Floor Key,"Levitation, Quarry_Access"
78,Quarry,NULL,Quarry_SupplyKey2_check,Dam Generator Key,Quarry_Access
79,Quarry,NULL,Quarry_SupplyKey3_check,Otto's Lab Exterior Key,Quarry_Access
80,Quarry,NULL,Quarry_SupplyKey4_check,Otto's Lab Fan Key,"TimeBubble, Quarry_Access"
81,Quarry,NULL,Quarry_PsyChallengeMarkers1_check,Pirate Radio Mental Connection,"MentalConnection, Quarry_Access, ThoughtTuner"
82,Quarry,NULL,Quarry_PsyChallengeMarkers2_check,Otto's Workshop Mental Connection,"MentalConnection, Quarry_Access, ThoughtTuner"
83,Quarry,NULL,Quarry_PsyChallengeMarkers3_check,Behind Motherlobe Mental Connection,"MentalConnection, Quarry_Access, ThoughtTuner"
84,Quarry,NULL,Quarry_PsyChallengeMarkers4_check,Dam Cage,Quarry_Access
85,Quarry,NULL,Quarry_PsyChallengeMarkers5_check,Top of Psychoisolation,"Levitation, Quarry_Access"
86,Quarry,NULL,Laserdisc_check,Agent Orientation Laserdisc,"Levitation, Quarry_Access"
87,Quarry,NULL,UnexplodedBomb_check,Unexploded Bomb,"Levitation, Quarry_Access"
88,Quarry,NULL,PsitaniumKnife_check,Psitanium Knife,"Levitation, Quarry_Access"
89,Quarry,NULL,Psychoseismonitor1_check,Blastcap Becky's Cave Psychoseismonitor,Quarry_Access
90,Quarry,NULL,Empty_Jar_Check,Get Jar from Compton,Quarry_Access
91,Questionable Area,NULL,QA_PsiCard1_check,Lumberstack Car,QA_Access
92,Questionable Area,NULL,QA_PsiCard2_check,Lumberstack Inside,QA_Access
93,Questionable Area,NULL,QA_PsiCard3_check,Lumberstack Bathroom,QA_Access
94,Questionable Area,NULL,QA_PsiCard4_check,Between Lumberstack and Tent,QA_Access
95,Questionable Area,NULL,QA_PsiCard5_check,Secret Lumberstack Cave,QA_Access
96,Questionable Area,NULL,QA_PsiCard6_check,Family Camping sign,QA_Access
97,Questionable Area,NULL,QA_PsiCard7_check,Tree outside Lumberstack flagpole,"MentalConnection, QA_Access, ThoughtTuner"
98,Questionable Area,NULL,QA_PsiCard8_check,Sassclops Cave stone,QA_Access
99,Questionable Area,NULL,QA_PsiCard9_check,Sassclops Cave poster,QA_Access
100,Questionable Area,NULL,QA_PsiCard10_check,PSI Challenge Card behind poster,"Levitation, Pyrokinesis, QA_Access"
101,Questionable Area,NULL,QA_PsiCard11_check,Water Wheel,"TimeBubble, QA_Access"
102,Questionable Area,NULL,QA_PsiCard12_check,Playground Springs,QA_Access
103,Questionable Area,NULL,QA_PsiCard13_check,Giant Log Campfire Entrance,QA_Access
104,Questionable Area,NULL,QA_PsiCard14_check,Forgetful Forest Secret Cave,QA_Access
105,Questionable Area,NULL,QA_PsiCard15_check,Campfire Diner Sign,QA_Access
106,Questionable Area,NULL,QA_PsiCard16_check,Campfire Tree near Tightrope and Pole,QA_Access
107,Questionable Area,NULL,QA_PsiCard17_check,Campfire Tree near restrooms,QA_Access
108,Questionable Area,NULL,QA_PsiCard18_check,Inside Restrooms,QA_Access
109,Questionable Area,NULL,QA_PsiCard19_check,Restrooms Flagpole,QA_Access
110,Questionable Area,NULL,QA_PsiCard20_check,Platform above Restrooms,QA_Access
111,Questionable Area,NULL,QA_PsiCard21_check,Platform above Restrooms Ladder,QA_Access
112,Questionable Area,NULL,QA_PsiCard22_check,Bird's Nest,QA_Access
113,Questionable Area,NULL,QA_PsiCard23_check,Funicular Overpass,QA_Access
114,Questionable Area,NULL,QA_PsiCard24_check,Woods near Rundown Cabin,"Telekinesis or TimeBubble, QA_Access"
115,Questionable Area,NULL,QA_PsiCard25_check,Rundown Cabin,"Telekinesis or TimeBubble, QA_Access"
116,Questionable Area,NULL,QA_PsiCard26_check,Tightrope near Funicular,"Telekinesis or TimeBubble, QA_Access"
117,Questionable Area,NULL,QA_PsiCard27_check,Trapeze near Funicular,"Telekinesis or TimeBubble, QA_Access"
118,Questionable Area,NULL,QA_SupplyChests1_check,Secret Lumberstack Cave,QA_Access
119,Questionable Area,NULL,QA_SupplyChests2_check,Sassclops Cave Exit,QA_Access
120,Questionable Area,NULL,QA_SupplyChests3_check,Aquato Camp,"Levitation, Pyrokinesis, QA_Access"
121,Questionable Area,NULL,QA_SupplyChests4_check,Fungus Cave,"TimeBubble, QA_Access"
122,Questionable Area,NULL,QA_SupplyKey1_check,Questionable Area Entrance Cave,QA_Access
123,Questionable Area,NULL,QA_SupplyKey2_check,Aquato Camp Key,"Levitation, Pyrokinesis, QA_Access"
124,Questionable Area,NULL,QA_SupplyKey3_check,Near Funicular Key,QA_Access
125,Questionable Area,NULL,QA_SupplyKey4_check,Behind Rundown Cabin Key,"Telekinesis or TimeBubble, QA_Access"
126,Questionable Area,NULL,QA_PsyChallengeMarkers1_check,Lamberstack Diner Sign,"PsiBlast, QA_Access"
127,Questionable Area,NULL,QA_PsyChallengeMarkers2_check,Sassclops Cave behind poster,"Pyrokinesis, QA_Access"
128,Questionable Area,NULL,QA_PsyChallengeMarkers3_check,Above Playground,"MentalConnection, ThoughtTuner, QA_Access"
129,Questionable Area,NULL,QA_PsyChallengeMarkers4_check,Aquatodome Interior,"PsiBlast, QA_Access"
130,Questionable Area,NULL,QA_PsyChallengeMarkers5_check,Aquatodome Exterior,"PsiBlast, QA_Access"
131,Questionable Area,NULL,QA_PsyChallengeMarkers6_check,Rundown Cabin,"Telekinesis or TimeBubble, QA_Access"
132,Questionable Area,NULL,QA_PsyChallengeMarkers7_check,Queepie's Quest,"Levitation, Pyrokinesis, QA_Access"
133,Questionable Area,NULL,Human_Skull_check,Human Skull,"Telekinesis, QA_Access"
134,Questionable Area,NULL,Novelty_Mug_check,Novelty Mug,"Projection, QA_Access"
135,Questionable Area,NULL,Can_of_Corn_check,Can of Corn,"Levitation, Pyrokinesis, QA_Access"
136,Questionable Area,NULL,Switchblade_Hatchet_check,Switchblade Hatchet,"TimeBubble, QA_Access"
137,Questionable Area,NULL,Psychoseismonitor2_check,Trees above Campfire Psychoseismonitor,"Levitation, QA_Access"
138,Questionable Area,NULL,Psychoseismonitor3_check,Secret Cave near family camp Psychoseismonitor,QA_Access
139,Questionable Area,NULL,Lilis_Mushroom_check,Fungus Behind Waterfall,"TimeBubble, QA_Access"
140,Questionable Area,Forgetful Forest,Bee_Jar_check,Beehive,QA_Access
141,Green Needle Gulch,NULL,GNG_PsiCard1_check,Tightrope near branches over water,GNG_Access
142,Green Needle Gulch,NULL,GNG_PsiCard2_check,Wooden panel on Lake,GNG_Access
143,Green Needle Gulch,NULL,GNG_PsiCard3_check,Tightrope Path back up cliff,GNG_Access
144,Green Needle Gulch,NULL,GNG_PsiCard4_check,Nona's House Balcony,GNG_Access
145,Green Needle Gulch,NULL,GNG_PsiCard5_check,Grind rail across bridge,GNG_Access
146,Green Needle Gulch,NULL,GNG_PsiCard6_check,Heptadome Entrance,GNG_Access
147,Green Needle Gulch,NULL,GNG_PsiCard7_check,Heptadome Chalkboard,GNG_Access
148,Green Needle Gulch,NULL,GNG_PsiCard8_check,Heptadome Near BT and Ottomatic,GNG_Access
149,Green Needle Gulch,NULL,GNG_PsiCard9_check,Heptadome Exterior lamp post,GNG_Access
150,Green Needle Gulch,NULL,GNG_PsiCard10_check,Heptadome exterior bushes,GNG_Access
151,Green Needle Gulch,NULL,GNG_PsiCard11_check,Compton's Menagerie Entrance,GNG_Access
152,Green Needle Gulch,NULL,GNG_PsiCard12_check,Compton's Menagerie Stable,GNG_Access
153,Green Needle Gulch,NULL,GNG_PsiCard13_check,Compton's Menagerie above supply chest,GNG_Access
154,Green Needle Gulch,NULL,GNG_PsiCard14_check,Compton's Menagerie Bird Cage,GNG_Access
155,Green Needle Gulch,NULL,GNG_PsiCard15_check,Compton's Menagerie Cliff,GNG_Access
156,Green Needle Gulch,NULL,GNG_PsiCard16_check,Otto's Workshop,GNG_Access
157,Green Needle Gulch,NULL,GNG_PsiCard17_check,Bob's Beanstalk lower path,GNG_Access
158,Green Needle Gulch,NULL,GNG_PsiCard18_check,Bob's Beanstalk mid path,GNG_Access
159,Green Needle Gulch,NULL,GNG_PsiCard19_check,Bob's Beanstalk summit,GNG_Access
160,Green Needle Gulch,NULL,GNG_PsiCard20_check,Bee smoker,GNG_Access
161,Green Needle Gulch,NULL,GNG_PsiCard21_check,Helmut's stage,GNG_Access
162,Green Needle Gulch,NULL,GNG_PsiCard22_check,Hemut's stage tightrope,GNG_Access
163,Green Needle Gulch,NULL,GNG_PsiCard23_check,Ford's office chimney,"Levitation, GNG_Access"
164,Green Needle Gulch,NULL,GNG_PsiCard24_check,Above Ford's office,"Levitation, MentalConnection, GNG_Access"
165,Green Needle Gulch,NULL,GNG_PsiCard25_check,Riverfront behind Ford's office,GNG_Access
166,Green Needle Gulch,NULL,GNG_PsiCard26_check,Bee domain,"Telekinesis, GNG_Access"
167,Green Needle Gulch,NULL,GNG_PsiCard27_check,Cassie's house,"Telekinesis, GNG_Access"
168,Green Needle Gulch,NULL,GNG_SupplyChests1_check,Compton's Menagerie,GNG_Access
169,Green Needle Gulch,NULL,GNG_SupplyChests2_check,Cassie's House,"Telekinesis, Projection, GNG_Access"
170,Green Needle Gulch,NULL,GNG_SupplyKey1_check,Otto's Workshop key,GNG_Access
171,Green Needle Gulch,NULL,GNG_SupplyKey2_check,Beaver Wood Pile key,"Clairvoyance, GNG_Access"
172,Green Needle Gulch,NULL,GNG_PsyChallengeMarkers1_check,Hollow stump in swamp,"MentalConnection, GNG_Access, ThoughtTuner"
173,Green Needle Gulch,NULL,GNG_PsyChallengeMarkers2_check,Treehouse above Ford's office,"Levitation, MentalConnection, GNG_Access, ThoughtTuner"
174,Green Needle Gulch,NULL,GNG_PsyChallengeMarkers3_check,Outhouse,"Projection, GNG_Access"
175,Green Needle Gulch,NULL,GNG_PsyChallengeMarkers4_check,Psychoisolation Chamber,GNG_Access
176,Green Needle Gulch,NULL,MurderBot_check,Mini Murder Bug Bot,GNG_Access
177,Green Needle Gulch,NULL,Beehive_check,Beehive shaped like my phone,"Telekinesis, GNG_Access"
178,Green Needle Gulch,NULL,VikingHelmet_check,Viking Helmet,GNG_Access
179,Green Needle Gulch,NULL,Mindswarm_check,Signed Copy of Mindswarm,"Telekinesis, GNG_Access"
180,Loboto's Labrynth,Central Office,Loboto_Nugget1_check,Behind Painting,"Pyrokinesis, Telekinesis, Loboto_Access, Loboto_StoryComplete"
181,Loboto's Labrynth,Trash can,Loboto_Nugget2_check,Behind Dental Door,"Telekinesis, Loboto_Access, Loboto_StoryComplete"
182,Loboto's Labrynth,Central Office,Loboto_MemoryVault1_check,Behind Box Shelf,Loboto_Access
183,Loboto's Labrynth,Asylum,Loboto_MemoryVault2_check,MC right of Asylum entrance,"Telekinesis, Pyrokinesis, PsiBlast, Levitation, MentalConnection, Loboto_Access"
184,Loboto's Labrynth,Asylum,Loboto_Suitcase_Tag_check,Tooth Path at Asylum Entrance,"Telekinesis, Pyrokinesis, PsiBlast, Levitation, Loboto_Access"
185,Loboto's Labrynth,Conference Room,Loboto_Hatbox_Tag_check,Next to long table,"Telekinesis, Loboto_Access"
186,Loboto's Labrynth,Dental Void,Loboto_Purse_Tag_check,Top platform after first draft,"Telekinesis, Pyrokinesis, PsiBlast, Levitation, Loboto_Access"
187,Loboto's Labrynth,Dental Void,Loboto_SteamerTrunk_Tag_check,MC before Levitation Tunnel,"Telekinesis, Pyrokinesis, PsiBlast, Levitation, MentalConnection, Loboto_Access"
188,Loboto's Labrynth,Central Office,Loboto_Dufflebag_Tag_check,Next to desks,"Telekinesis, Loboto_Access"
189,Loboto's Labrynth,Conference Room,Loboto_Suitcase_check,Behind Mouth Poster,"Pyrokinesis, Telekinesis, Loboto_Access"
190,Loboto's Labrynth,Poster Gallery,Loboto_Hatbox_check,Secret Room behind Loboto Painting,"Telekinesis, Pyrokinesis, PsiBlast, Loboto_Access"
191,Loboto's Labrynth,Poster Gallery,Loboto_Purse_check,Loboto's Office Bookshelf,"Telekinesis, Pyrokinesis, PsiBlast, Loboto_Access"
192,Loboto's Labrynth,Asylum,Loboto_SteamerTrunk_check,MC to island at Asylum entrance,"Telekinesis, Pyrokinesis, PsiBlast, Levitation, MentalConnection, Loboto_Access"
193,Loboto's Labrynth,Central Office,Loboto_Dufflebag_check,Copy Machine,"Telekinesis, Loboto_Access"
194,Loboto's Labrynth,NULL,Loboto_20PercentFigments,Loboto's Labrynth,"Telekinesis, Loboto_Access"
195,Loboto's Labrynth,NULL,Loboto_40PercentFigments,Loboto's Labrynth,"Telekinesis, PsiBlast, Loboto_Access"
196,Loboto's Labrynth,NULL,Loboto_60PercentFigments,Loboto's Labrynth,"Telekinesis, Pyrokinesis, PsiBlast, Loboto_Access"
197,Loboto's Labrynth,NULL,Loboto_80PercentFigments,Loboto's Labrynth,"Telekinesis, Pyrokinesis, PsiBlast, Levitation, Loboto_Access"
198,Loboto's Labrynth,NULL,Loboto_100PercentFigments,Loboto's Labrynth,"Telekinesis, Pyrokinesis, PsiBlast, Levitation, MentalConnection, Loboto_Access"
199,Hollis' Classroom,Hollis' Classroom,HC_Nugget1_check,HC Upper Platform,"MentalConnection, HC_Access"
200,Hollis' Classroom,Morgue,HC_Nugget2_check,Chapel,"MentalConnection, HC_Access"
201,Hollis' Classroom,Hospital Parking Lot,HC_Nugget3_check,Parking Lot Bushes,"MentalConnection, HC_Access"
202,Hollis' Classroom,Morgue,HC_HAM1_check,Morgue Floor,"MentalConnection, HC_Access"
203,Hollis' Classroom,Morgue,HC_HAM2_check,Top Platform,"MentalConnection, HC_Access"
204,Hollis' Classroom,Morgue,HC_MemoryVault1_check,Hallway to Chapel,"MentalConnection, HC_Access"
205,Hollis' Classroom,Hospital Parking Lot,HC_Hatbox_Tag_check,"Right side roof, top of AC","MentalConnection, HC_Access"
206,Hollis' Classroom,Hollis' Classroom,HC_SteamerTrunk _Tag_check,Back desk with boxes,HC_Access
207,Hollis' Classroom,Hospital Parking Lot,HC_Hatbox_check,Right side near Trash Can,"MentalConnection, HC_Access"
208,Hollis' Classroom,Hospital Parking Lot,HC_SteamerTrunk_check,"Left side roof, behind AC pipes","MentalConnection, HC_Access"
209,Hollis' Classroom,NULL,HC_20PercentFigments,Hollis' Classroom,HC_Access
210,Hollis' Classroom,NULL,HC_40PercentFigments,Hollis' Classroom,HC_Access
211,Hollis' Classroom,NULL,HC_60PercentFigments,Hollis' Classroom,"MentalConnection, HC_Access"
212,Hollis' Classroom,NULL,HC_80PercentFigments,Hollis' Classroom,"MentalConnection, HC_Access"
213,Hollis' Classroom,NULL,HC_100PercentFigments,Hollis' Classroom,"MentalConnection, HC_Access"
214,Hollis' Hot Streak,Hospital Parking Lot,HH_Nugget1_check,MC after first Heart,"MentalConnection, MentalConnection_Upgrade3, PsiBlast, HH_Access"
215,Hollis' Hot Streak,Hospital Parking Lot,HH_Nugget2_check,Behind Emergency Sign,HH_Access
216,Hollis' Hot Streak,Cardiology,HH_Nugget3_check,Cardiology Storage Room,"Projection, HH_Access"
217,Hollis' Hot Streak,Morgue,HH_Nugget4_check,Records Room Poster,"Pyrokinesis, HH_Access"
218,Hollis' Hot Streak,Shattered Classroom,HH_HAM1_check,SC Bottom Platform,"MentalConnection, HH_Access"
219,Hollis' Hot Streak,Shattered Classroom,HH_HAM2_check,SC Top Platform,"MentalConnection, HH_Access"
220,Hollis' Hot Streak,Cardiology Back Room,HH_HAM3_check,Booth Seat behind wall,"MentalConnection, Levitation, HH_Access"
221,Hollis' Hot Streak,Maternity Ward Backroom,HH_HAM4_check,Dice block before Psi Wall,"MentalConnection, HH_Access"
222,Hollis' Hot Streak,Morgue,HH_MemoryVault1_check,Doctor's Only,"MentalConnection, HH_Access"
223,Hollis' Hot Streak,Casino Parking Lot,HH_Suitcase_Tag_check,"Left side roof, behind AC pipes","MentalConnection, HH_Access"
224,Hollis' Hot Streak,Maternity Ward,HH_Purse_Tag_check,MC path above entry tunnel,"MentalConnection, HH_Access"
225,Hollis' Hot Streak,Maternity Ward Backroom,HH_Dufflebag_Tag_check,Rotating Poker Chips,"MentalConnection, HH_Access"
226,Hollis' Hot Streak,Cardiology,HH_Suitcase_check,Back booth,"MentalConnection, HH_Access"
227,Hollis' Hot Streak,Morgue,HH_Purse_check,"Records right path, Trash Can","MentalConnection, HH_Access"
228,Hollis' Hot Streak,Maternity Ward,HH_Dufflebag_check,DT top of dice,"MentalConnection, MentalConnection_Upgrade3, HH_Access"
229,Hollis' Hot Streak,NULL,HH_20PercentFigments,Hollis' Hot Streak,"MentalConnection, HH_Access"
230,Hollis' Hot Streak,NULL,HH_40PercentFigments,Hollis' Hot Streak,"MentalConnection, HH_Access"
231,Hollis' Hot Streak,NULL,HH_60PercentFigments,Hollis' Hot Streak,"MentalConnection, HH_Access"
232,Hollis' Hot Streak,NULL,HH_80PercentFigments,Hollis' Hot Streak,"MentalConnection, HH_Access"
233,Hollis' Hot Streak,NULL,HH_100PercentFigments,Hollis' Hot Streak,"MentalConnection, MentalConnection_Upgrade3, PsiBlast, Levitation, HH_Access"
234,Compton's Cookoff,Any,Compton_Nugget1_check,Slide next to Frog Pan,"Telekinesis, Compton_Access"
235,Compton's Cookoff,Any,Compton_Nugget2_check,DT path - Hippo to Cat,"Telekinesis, MentalConnection, MentalConnection_Upgrade3, Compton_Access"
236,Compton's Cookoff,After Dish 1,Compton_HAM1_check,Complete first plate,"Telekinesis, Compton_Access"
237,Compton's Cookoff,After Dish 2,Compton_HAM2_check,Complete second plate,"Telekinesis, Compton_Access"
238,Compton's Cookoff,Any,Compton_MemoryVault1_check,Front of Cat Blender,"Telekinesis, Compton_Access"
239,Compton's Cookoff,Any,Compton_MemoryVault2_check,Left of Chef Pig's Hoof,"Telekinesis, Compton_Access"
240,Compton's Cookoff,Any,Compton_Suitcase_Tag_check,Behind sign above frog,"Telekinesis, Compton_Access"
241,Compton's Cookoff,Any,Compton_Hatbox_Tag_check,Far right grind rail,"Telekinesis, Compton_Access"
242,Compton's Cookoff,Any,Compton_Purse_Tag_check,Seats between frog and cat,"Telekinesis, Compton_Access"
243,Compton's Cookoff,Completion,Compton_SteamerTrunk_Tag_check,Top prize box,"Telekinesis, Compton_Access"
244,Compton's Cookoff,Any,Compton_Dufflebag_Tag_check,MC path behind Hippo,"Telekinesis, Compton_Access"
245,Compton's Cookoff,Any,Compton_Suitcase_check,Bottom path before Hippo,"Telekinesis, Compton_Access"
246,Compton's Cookoff,Any,Compton_Hatbox_check,Seats below slide,"Telekinesis, Compton_Access"
247,Compton's Cookoff,Any,Compton_Purse_check,Below frog station hot plates,"Telekinesis, Compton_Access"
248,Compton's Cookoff,Any,Compton_SteamerTrunk_check,Behind Cat blender,"Telekinesis, Compton_Access"
249,Compton's Cookoff,Any,Compton_Dufflebag_check,Behind Chef Pig Chopper,"Telekinesis, Compton_Access"
250,Compton's Cookoff,NULL,Compton_20PercentFigments,Compton's Cookoff,Compton_Access
251,Compton's Cookoff,NULL,Compton_40PercentFigments,Compton's Cookoff,"Telekinesis, Compton_Access"
252,Compton's Cookoff,NULL,Compton_60PercentFigments,Compton's Cookoff,"Telekinesis, Compton_Access"
253,Compton's Cookoff,NULL,Compton_80PercentFigments,Compton's Cookoff,"Telekinesis, Compton_Access"
254,Compton's Cookoff,NULL,Compton_100PercentFigments,Compton's Cookoff,"Telekinesis, MentalConnection, MentalConnection_Upgrade3, Compton_Access"
255,Psi King's Sensorium,Eye Shrine,PsiKing_Nugget1_check,Star platforms near first light,"TimeBubble, PsiKing_Access"
256,Psi King's Sensorium,Ear Hand Shrine,PsiKing_Nugget2_check,On top of tongue,"Telekinesis, TimeBubble, PsiKing_Access"
257,Psi King's Sensorium,Nose Mouth Shrine,PsiKing_Nugget3_check,First Light Bridge,"TimeBubble or Levitation, PsiKing_Access"
258,Psi King's Sensorium,Backstage,PsiKing_HAM1_check,Under stage behind poster,"Pyrokinesis, PsiKing_Access"
259,Psi King's Sensorium,Eye Shrine,PsiKing_HAM2_check,Fan after 2nd light bridge,"TimeBubble, PsiKing_Access"
260,Psi King's Sensorium,Woods,PsiKing_HAM3_check,"Top of climb, left of waterfall","TimeBubble, PsiKing_Access"
261,Psi King's Sensorium,Nose Eye Shrine,PsiKing_HAM4_check,Light bridge from Instruments,"TimeBubble, MentalConnection, Telekinesis, PsiKing_Access"
262,Psi King's Sensorium,Eye Shrine,PsiKing_MemoryVault1_check,Cage at first stage light,"TimeBubble, Projection, PsiKing_Access"
263,Psi King's Sensorium,Concessions,PsiKing_MemoryVault2_check,Cage at start of Concessions,"TimeBubble, Projection, PsiKing_Access"
264,Psi King's Sensorium,Woods,PsiKing_Suitcase_Tag_check,Right side after wall jumps,"TimeBubble, PsiKing_Access"
265,Psi King's Sensorium,Eye Shrine,PsiKing_Hatbox_Tag_check,Burn poster,"TimeBubble, PsiKing_Access"
266,Psi King's Sensorium,Backstage,PsiKing_Purse_Tag_check,On top of trailer,PsiKing_Access
267,Psi King's Sensorium,Nose Mouth Shrine,PsiKing_SteamerTrunk_Tag_check,After double fish,"TimeBubble, Telekinesis, PsiKing_Access"
268,Psi King's Sensorium,Concessions,PsiKing_Dufflebag_Tag_check,Grass next to Feel-Mobile,"TimeBubble, PsiKing_Access"
269,Psi King's Sensorium,Backstage,PsiKing_Suitcase_check,Under stage,PsiKing_Access
270,Psi King's Sensorium,Campground,PsiKing_Hatbox_check,Tents on bottom left,"TimeBubble, PsiKing_Access"
271,Psi King's Sensorium,Concessions,PsiKing_Purse_check,Back area of tower with stars,"TimeBubble, PsiKing_Access"
272,Psi King's Sensorium,Ear Hand Shrine,PsiKing_SteamerTrunk_check,"Before Arena, opposite stage light","TimeBubble, PsiKing_Access"
273,Psi King's Sensorium,Eye Shrine,PsiKing_Dufflebag_check,"3rd RB bridge, behind speakers","TimeBubble, PsiKing_Access"
274,Psi King's Sensorium,NULL,PsiKing_20PercentFigments,Psi King's Sensorium,"TimeBubble, PsiKing_Access"
275,Psi King's Sensorium,NULL,PsiKing_40PercentFigments,Psi King's Sensorium,"TimeBubble, PsiKing_Access"
276,Psi King's Sensorium,NULL,PsiKing_60PercentFigments,Psi King's Sensorium,"TimeBubble, MentalConnection, Telekinesis, PsiKing_Access"
277,Psi King's Sensorium,NULL,PsiKing_80PercentFigments,Psi King's Sensorium,"TimeBubble, MentalConnection, Telekinesis, PsiKing_Access"
278,Psi King's Sensorium,NULL,PsiKing_100PercentFigments,Psi King's Sensorium,"TimeBubble, MentalConnection, Telekinesis, MentalConnection_Upgrade3, Pyrokinesis, PsiKing_Access"
279,Ford's Follicles,Barbershop Waiting Area,Ford_Nugget1_check,Fan at start,"PsiBlast, Levitation, Ford_Access"
280,Ford's Follicles,Town Outskirts,Ford_HAM1_check,"Ledge on right of ""War"" sign","TimeBubble, Levitation, PsiBlast, Ford_Access"
281,Ford's Follicles,Town Outskirts,Ford_MemoryVault1_check,"House near ""War"" sign","TimeBubble, Levitation, PsiBlast, Ford_Access"
282,Ford's Follicles,Town Outskirts,Ford_SteamerTrunk_Tag_check,Start of town outskirts,"TimeBubble, Levitation, PsiBlast, Ford_Access"
283,Ford's Follicles,Town Outskirts,Ford_SteamerTrunk_check,Next to Victory Shampoo,"TimeBubble, Levitation, PsiBlast, Ford_Access"
284,Ford's Follicles,NULL,Ford_20PercentFigments,Ford's Follicles,"TimeBubble, Levitation, PsiBlast, Ford_Access"
285,Ford's Follicles,NULL,Ford_40PercentFigments,Ford's Follicles,"TimeBubble, Levitation, PsiBlast, Ford_Access"
286,Ford's Follicles,NULL,Ford_60PercentFigments,Ford's Follicles,"TimeBubble, Levitation, PsiBlast, Ford_Access"
287,Ford's Follicles,NULL,Ford_80PercentFigments,Ford's Follicles,"TimeBubble, Levitation, PsiBlast, Ford_Access"
288,Ford's Follicles,NULL,Ford_100PercentFigments,Ford's Follicles,"TimeBubble, Levitation, PsiBlast, Ford_Access"
289,Strike City,Construction Site,StrikeCity_Nugget1_check,Water Tower after Joe's,StrikeCity_Access
290,Strike City,Construction Site,StrikeCity_HAM1_check,Beam at top of site,StrikeCity_Access
291,Strike City,Downtown Center,StrikeCity_MemoryVault1_check,Past ladder leading to Half Pipe,StrikeCity_Access
292,Strike City,Start of Kingpin Express,StrikeCity_Suitcase_Tag_check,Near 'Love is Forever' germ,StrikeCity_Access
293,Strike City,Foul Line Overlook,StrikeCity_Dufflebag_Tag_check,Fall through Joe's sign,StrikeCity_Access
294,Strike City,Downtown Center,StrikeCity_Suitcase_check,Behind first polish station,StrikeCity_Access
295,Strike City,Construction Site,StrikeCity_Dufflebag_check,Behind Pins,StrikeCity_Access
296,Strike City,NULL,StrikeCity_20PercentFigments,Strike City,StrikeCity_Access
297,Strike City,NULL,StrikeCity_40PercentFigments,Strike City,StrikeCity_Access
298,Strike City,NULL,StrikeCity_60PercentFigments,Strike City,StrikeCity_Access
299,Strike City,NULL,StrikeCity_80PercentFigments,Strike City,StrikeCity_Access
300,Strike City,NULL,StrikeCity_100PercentFigments,Strike City,StrikeCity_Access
301,Cruller's Correspondence,Typewriter (After Int Dead Letter Office),Cruller_Nugget1_check,On top of desk light,"MentalConnection, Cruller_Access"
302,Cruller's Correspondence,Dead Letter Office,Cruller_HAM1_check,Top of Shelf,Cruller_Access
303,Cruller's Correspondence,Ford-Bot Interior,Cruller_MemoryVault1_check,Inside Ford-Bot,"MentalConnection, Cruller_Access"
304,Cruller's Correspondence,Typewriter,Cruller_Hatbox_Tag_check,"Exit of DL Office, cubby on left",Cruller_Access
305,Cruller's Correspondence,International Dead Letter Office,Cruller_Hatbox_check,Before slide on left,"MentalConnection, TimeBubble, Cruller_Access"
306,Cruller's Correspondence,NULL,Cruller_20PercentFigments,Cruller's Correspondence,Cruller_Access
307,Cruller's Correspondence,NULL,Cruller_40PercentFigments,Cruller's Correspondence,"MentalConnection, Cruller_Access"
308,Cruller's Correspondence,NULL,Cruller_60PercentFigments,Cruller's Correspondence,"MentalConnection, Cruller_Access"
309,Cruller's Correspondence,NULL,Cruller_80PercentFigments,Cruller's Correspondence,"MentalConnection, Cruller_Access"
310,Cruller's Correspondence,NULL,Cruller_100PercentFigments,Cruller's Correspondence,"MentalConnection, TimeBubble, Cruller_Access"
311,Tomb of the Sharkophagus,Tomb of the Sharkophagus,Tomb_HAM1_check,Typewriter room,Tomb_Access
312,Tomb of the Sharkophagus,Graveyard,Tomb_MemoryVault1_check,Memory Vault Grave at Start,"Tomb_Access, Tomb_StoryComplete"
313,Tomb of the Sharkophagus,Tomb of the Sharkophagus,Tomb_Purse_Tag_check,On back of Shark,"TimeBubble, Tomb_Access"
314,Tomb of the Sharkophagus,Coffin,Tomb_Purse_check,Behind Astralathe,Tomb_Access
315,Tomb of the Sharkophagus,NULL,Tomb_20PercentFigments,Tomb of the Sharkophagus,Tomb_Access
316,Tomb of the Sharkophagus,NULL,Tomb_40PercentFigments,Tomb of the Sharkophagus,Tomb_Access
317,Tomb of the Sharkophagus,NULL,Tomb_60PercentFigments,Tomb of the Sharkophagus,Tomb_Access
318,Tomb of the Sharkophagus,NULL,Tomb_80PercentFigments,Tomb of the Sharkophagus,Tomb_Access
319,Tomb of the Sharkophagus,NULL,Tomb_100PercentFigments,Tomb of the Sharkophagus,Tomb_Access
320,Bob's Bottles,Tia's Kitchen,Bob_Nugget1_check,Straws,"PsiBlast, Telekinesis, Levitation, Bob_Access"
321,Bob's Bottles,Bog of the Betrothed,Bob_Nugget2_check,Table in cabin,"Telekinesis, Bob_Access"
322,Bob's Bottles,Bob's Island,Bob_HAM1_check,Otto's Island,Bob_Access
323,Bob's Bottles,Viking Reception,Bob_HAM2_check,Top of ship,"MentalConnection, Levitation, MentalConnection_Upgrade3, Telekinesis, Bob_Access"
324,Bob's Bottles,Sunken Motherlobe,Bob_MemoryVault1_check,Projection at Mailroom Door,"Telekinesis, Projection, Bob_Access"
325,Bob's Bottles,Bog of the Betrothed,Bob_MemoryVault2_check,Past table in cabin,"Telekinesis, Bob_Access"
326,Bob's Bottles,Viking Reception,Bob_Suitcase_Tag_check,On top of candle cake,"MentalConnection, Levitation, Telekinesis, Bob_Access"
327,Bob's Bottles,Bob's Island,Bob_Hatbox_Tag_check,Lili's Island by pelicans,Bob_Access
328,Bob's Bottles,Tia's Kitchen,Bob_Purse_Tag_check,Lilipad behind stained glass,"Telekinesis, Bob_Access"
329,Bob's Bottles,Bob's Island,Bob_SteamerTrunk_Tag_check,Yellow flower rock,Bob_Access
330,Bob's Bottles,Tia's Kitchen,Bob_Dufflebag_Tag_check,Kitchen Cabinet in Swamp,"Telekinesis, Bob_Access"
331,Bob's Bottles,Viking Reception,Bob_Suitcase_check,Left of stage,"MentalConnection, Levitation, Telekinesis, Bob_Access"
332,Bob's Bottles,Bob's Island,Bob_Hatbox_check,"Lili's Island, right of explosive plant",Bob_Access
333,Bob's Bottles,Tia's Kitchen,Bob_Purse_check,Swing to vines,"Telekinesis, Bob_Access"
334,Bob's Bottles,Bob's Island,Bob_SteamerTrunk_check,Platform behind Truman,Bob_Access
335,Bob's Bottles,Tia's Kitchen,Bob_Dufflebag_check,Platform above rope,"Telekinesis, Bob_Access"
336,Bob's Bottles,NULL,Bob_20PercentFigments,Bob's Bottles,"Levitation, Telekinesis, Bob_Access"
337,Bob's Bottles,NULL,Bob_40PercentFigments,Bob's Bottles,"Levitation, Telekinesis, Bob_Access"
338,Bob's Bottles,NULL,Bob_60PercentFigments,Bob's Bottles,"Levitation, Telekinesis, Bob_Access"
339,Bob's Bottles,NULL,Bob_80PercentFigments,Bob's Bottles,"MentalConnection, Levitation, MentalConnection_Upgrade3, Telekinesis, Bob_Access"
340,Bob's Bottles,NULL,Bob_100PercentFigments,Bob's Bottles,"MentalConnection, Levitation, MentalConnection_Upgrade3, Telekinesis, Bob_Access"
341,Cassie's Collection,Librarian's Desk,Cassie_Nugget1_check,Bookshelf Alcove,"TimeBubble, or Levitation and Levitation_Upgrade2, Cassie_Access"
342,Cassie's Collection,Deep Inside Teacher's Domain,Cassie_Nugget2_check,Mental Connection Alcove,"MentalConnection, Levitation, Projection, Cassie_Access"
343,Cassie's Collection,Waterfront,Cassie_Nugget3_check,Below Fish Market,"Projection, Levitation, Cassie_Access"
344,Cassie's Collection,Waterfront,Cassie_Nugget4_check,Hidden Portal top of Print Shop,"Projection, Levitation, Cassie_Access"
345,Cassie's Collection,Librarian's Desk,Cassie_HAM1_check,Top of Children's Corner,Cassie_Access
346,Cassie's Collection,Librarian's Desk,Cassie_HAM2_check,Literature Lane,"Projection, Cassie_Access"
347,Cassie's Collection,Deep Inside Teacher's Domain,Cassie_MemoryVault1_check,After second book section.  Behind spawn,"Projection, Cassie_Access"
348,Cassie's Collection,Waterfront,Cassie_MemoryVault2_check,Print Shop Hidden Portal,"Projection, Levitation, Cassie_Access"
349,Cassie's Collection,Deep Inside Teachers Domain,Cassie_Suitcase_Tag_check,MC to Column,"MentalConnection, Levitation, Projection, Cassie_Access"
350,Cassie's Collection,Waterfront,Cassie_Hatbox_Tag_check,Fish Cannery by door,"Projection, Levitation, Cassie_Access"
351,Cassie's Collection,Teacher's Domain,Cassie_Purse_Tag_check,By Projection switch,"Projection, Levitation, Cassie_Access"
352,Cassie's Collection,Waterfront,Cassie_SteamerTrunk_Tag_check,"Near Fish Market, left of 2nd fan","Projection, Levitation, Cassie_Access"
353,Cassie's Collection,Waterfront,Cassie_Dufflebag_Tag_check,Print Shop Projection door,"Projection, Levitation, Cassie_Access"
354,Cassie's Collection,Librarian's Desk,Cassie_Suitcase_check,Stack of books,"TimeBubble or Levitation, Cassie_Access"
355,Cassie's Collection,Waterfront,Cassie_Hatbox_check,"Red book, middle of boats","Projection, Levitation, Cassie_Access"
356,Cassie's Collection,Teacher's Domain,Cassie_Purse_check,Next to dragon,"Projection, Cassie_Access"
357,Cassie's Collection,Librarian's Desk,Cassie_SteamerTrunk_check,"Ride Chandelier, behind book","Projection, TimeBubble, Cassie_Access"
358,Cassie's Collection,Waterfront,Cassie_Dufflebag_check,Docks behind Fannie Flats,"Projection, Levitation, Cassie_Access"
359,Cassie's Collection,NULL,Cassie_20PercentFigments,Cassie's Collection,"Projection, Levitation, Cassie_Access"
360,Cassie's Collection,NULL,Cassie_40PercentFigments,Cassie's Collection,"Projection, Levitation, Cassie_Access"
361,Cassie's Collection,NULL,Cassie_60PercentFigments,Cassie's Collection,"MentalConnection, Levitation, Projection, Cassie_Access"
362,Cassie's Collection,NULL,Cassie_80PercentFigments,Cassie's Collection,"MentalConnection, Levitation, Projection, Cassie_Access"
363,Cassie's Collection,NULL,Cassie_100PercentFigments,Cassie's Collection,"MentalConnection, Levitation, Projection, TimeBubble, Cassie_Access"
364,Lucrecia's Lament,Flea Circus,Lucy_Nugget1_check,On top of ropes,Lucy_Access
365,Lucrecia's Lament,Nona's Quilts,Lucy_Nugget2_check,Cusion after Bridge,"Telekinesis, TimeBubble, Lucy_Access"
366,Lucrecia's Lament,Nona's Quilts,Lucy_Nugget3_check,Lift Button,"Telekinesis, TimeBubble, Lucy_Access"
367,Lucrecia's Lament,Flea Circus,Lucy_MemoryVault1_check,Under Knife Throwing Platform,Lucy_Access
368,Lucrecia's Lament,Nona's Quilts,Lucy_MemoryVault2_check,After first bridge on right,"Telekinesis, TimeBubble, Lucy_Access"
369,Lucrecia's Lament,Flea Circus,Lucy_Suitcase_Tag_check,On top of back wall,"Telekinesis, TimeBubble, Lucy_Access"
370,Lucrecia's Lament,Nona's Quilts,Lucy_Hatbox_Tag_check,"1st section, behind 1st portal","Telekinesis, TimeBubble, Lucy_Access"
371,Lucrecia's Lament,Nona's Quilts,Lucy_Purse_Tag_check,"2nd section, behind 3rd portal","Telekinesis, TimeBubble, Lucy_Access"
372,Lucrecia's Lament,Nona's Quilts,Lucy_SteamerTrunk_Tag_check,River at start of Nona's Quilts,"Telekinesis, TimeBubble, Lucy_Access"
373,Lucrecia's Lament,Nona's Quilts,Lucy_Dufflebag_Tag_check,"3rd area, TK button","Telekinesis, TimeBubble, Lucy_Access"
374,Lucrecia's Lament,Mental Dam,Lucy_Suitcase_check,Next to Damn 1,"Telekinesis, TimeBubble, Lucy_Access"
375,Lucrecia's Lament,Mental Dam,Lucy_Hatbox_check,Next to Damn 2,"Telekinesis, TimeBubble, Lucy_Access"
376,Lucrecia's Lament,Mental Dam,Lucy_Purse_check,Next to Damn 3,"Telekinesis, TimeBubble, Lucy_Access"
377,Lucrecia's Lament,Mental Dam,Lucy_SteamerTrunk_check,Next to Damn 4,"Telekinesis, TimeBubble, Lucy_Access"
378,Lucrecia's Lament,Mental Dam,Lucy_Dufflebag_check,Next to Damn 5,"Telekinesis, TimeBubble, Lucy_Access"
379,Lucrecia's Lament,NULL,Lucy_20PercentFigments,Lucrecia's Lament,"Telekinesis, TimeBubble, Lucy_Access"
380,Lucrecia's Lament,NULL,Lucy_40PercentFigments,Lucrecia's Lament,"Telekinesis, TimeBubble, Lucy_Access"
381,Lucrecia's Lament,NULL,Lucy_60PercentFigments,Lucrecia's Lament,"Telekinesis, TimeBubble, Lucy_Access"
382,Lucrecia's Lament,NULL,Lucy_80PercentFigments,Lucrecia's Lament,"Telekinesis, TimeBubble, Lucy_Access"
383,Lucrecia's Lament,NULL,Lucy_100PercentFigments,Lucrecia's Lament,"Telekinesis, TimeBubble, Lucy_Access"
384,Fatherland Follies,Life in Exile,Nick_Nugget1_check,Egg cups,"MentalConnection, Nick_Access"
385,Fatherland Follies,Life in Exile,Nick_Nugget2_check,Luctopus Poster,"MentalConnection, Pyrokinesis, Nick_Access"
386,Fatherland Follies,Infiltrating the Psychonauts,Nick_Nugget3_check,Inside Cabin,"MentalConnection, PsiBlast, Nick_Access"
387,Fatherland Follies,Fall of Grulovia,Nick_HAM1_check,Behind Waterwheel Slide,Nick_Access
388,Fatherland Follies,Life in Exile,Nick_HAM2_check,Inside Desert Cabin,"MentalConnection, Nick_Access"
389,Fatherland Follies,Fall of Grulovia,Nick_MemoryVault1_check,Door next to Maligula,"MentalConnection, Nick_Access"
390,Fatherland Follies,Infiltrating the Psychonauts,Nick_MemoryVault2_check,Right Shrinking Cabin,"MentalConnection, TimeBubble, PsiBlast, Nick_Access"
391,Fatherland Follies,Life in Exile,Nick_Suitcase_Tag_check,Behind tombstones,"MentalConnection, Nick_Access"
392,Fatherland Follies,Fall of Grulovia,Nick_Hatbox_Tag_check,"Behind royal family, trapeze up","MentalConnection, Nick_Access"
393,Fatherland Follies,Life in Exile,Nick_Purse_Tag_check,"Artic Exile, behind igloo","MentalConnection, Nick_Access"
394,Fatherland Follies,Infiltrating the Psychonauts,Nick_SteamerTrunk_Tag_check,After Loboto,"MentalConnection, TimeBubble, Nick_Access"
395,Fatherland Follies,Fall of Grulovia,Nick_Dufflebag_Tag_check,Red Light Door by Candle Exit,"MentalConnection, MentalConnection_Upgrade3, PsiBlast, Nick_Access"
396,Fatherland Follies,Gift Shop,Nick_Suitcase_check,Bottom shelf,"MentalConnection, TimeBubble, Nick_Access, Nick_StoryComplete"
397,Fatherland Follies,Fall of Grulovia,Nick_Hatbox_check,"Maligula door, top platform","MentalConnection, TimeBubble, Nick_Access"
398,Fatherland Follies,Life in Exile,Nick_Purse_check,Left of bed,"MentalConnection, Nick_Access"
399,Fatherland Follies,Infiltrating the Psychonauts,Nick_SteamerTrunk_check,"Before Loboto, alt MC path","MentalConnection, TimeBubble, Nick_Access"
400,Fatherland Follies,Fall of Grulovia,Nick_Dufflebag_check,Behind fleeing family,"MentalConnection, Nick_Access"
401,Fatherland Follies,NULL,Nick_20PercentFigments,Fatherland Follies,"MentalConnection, Nick_Access"
402,Fatherland Follies,NULL,Nick_40PercentFigments,Fatherland Follies,"MentalConnection, Nick_Access"
403,Fatherland Follies,NULL,Nick_60PercentFigments,Fatherland Follies,"MentalConnection, TimeBubble, PsiBlast, Nick_Access"
404,Fatherland Follies,NULL,Nick_80PercentFigments,Fatherland Follies,"MentalConnection, TimeBubble, PsiBlast, Nick_Access"
405,Fatherland Follies,NULL,Nick_100PercentFigments,Fatherland Follies,"MentalConnection, MentalConnection_Upgrade3, TimeBubble, PsiBlast, Nick_Access"
406,Shop,Pins,Saphire_LevBall_check,Saphire Lev Ball,"Levitation, Motherlobe_Access"
407,Shop,Pins,Emerald_LevBall_check,Emerald Lev Ball,"Levitation, Motherlobe_Access"
408,Shop,Pins,Ruby_LevBall_check,Ruby Lev Ball,"Levitation, Motherlobe_Access"
409,Shop,Pins,Cannonball_check,Cannonball,"Levitation, Motherlobe_Access"
410,Shop,Pins,GagOrder_check,Gag Order,"Projection, Motherlobe_Access"
411,Shop,Pins,PixelPal_check,Pixel Pal,"Projection, Motherlobe_Access"
412,Shop,Pins,PsiClone_check,Psi Clone,"Projection, Motherlobe_Access"
413,Shop,Pins,Wastepaper_check,Wastepaper,"Projection, Motherlobe_Access"
414,Shop,Pins,FoodForThought_check,Food for Thought,"MentalConnection, Motherlobe_Access"
415,Shop,Pins,HeavyThought_check,Heavy Thought,"MentalConnection, Motherlobe_Access"
416,Shop,Pins,MentalTax_check,Mental Tax,"MentalConnection, Motherlobe_Access"
417,Shop,Pins,BrainDrain_check,Brain Drain,"MentalConnection, Motherlobe_Access"
418,Shop,Pins,MentalBlock_check,Mental Block,"Clairvoyance, Motherlobe_Access"
419,Shop,Pins,SpeedReader_check,Speed Reader,"Clairvoyance, Motherlobe_Access"
420,Shop,Pins,Rainblows_check,Rainblows,"Melee, Motherlobe_Access"
421,Shop,Pins,Strike-onaut_check,Strike-onaut,"Melee, Motherlobe_Access"
422,Shop,Pins,BobbyPin_check,Bobby Pin,Motherlobe_Access
423,Shop,Pins,MentalMagnet_check,Mental Magnet,Motherlobe_Access
424,Shop,Pins,GooProof_check,Goo Proof,Motherlobe_Access
425,Shop,Pins,GlassCannon_check,Glass Cannon,Motherlobe_Access
426,Shop,Pins,VIPDiscount_check,VIP Discount,Motherlobe_Access
427,Shop,Pins,Psimultanium_check,Psimultanium,Motherlobe_Access
428,Shop,Pins,StunGun_check,Stun Gun,"PsiBlast, Motherlobe_Access"
429,Shop,Pins,CensoryOverload_check,Censory Overload,"PsiBlast, Motherlobe_Access"
430,Shop,Pins,ChainGain_check,Chain Gain,"PsiBlast, Motherlobe_Access"
431,Shop,Pins,FeverReducer_check,Fever Reducer,"Pyrokinesis, Motherlobe_Access"
432,Shop,Pins,Goonades_check,Goonades,"Pyrokinesis, Motherlobe_Access"
433,Shop,Pins,Beastmastery_check,Beastmastery,"Telekinesis, Motherlobe_Access"
434,Shop,Pins,PowerNap_check,Power Nap,"Telekinesis, Motherlobe_Access"
435,Shop,Pins,Plucky_check,Plucky,"Telekinesis, Motherlobe_Access"
436,Shop,Pins,TimeWarp_check,Time Warp,"TimeBubble, Motherlobe_Access"
437,Shop,Pins,BubbleWrap_check,Bubble Wrap,"TimeBubble, Motherlobe_Access"
438,Shop,Pins,BigTime_check,Big Time,"TimeBubble, Motherlobe_Access"
439,Shop,Consumables,PsiCore_check,Psi Core,Motherlobe_Access
440,Shop,Consumables,PsiPop_check,Psi Pop,Motherlobe_Access
441,Shop,Consumables,DreamFluff_check,Dream Fluff,Motherlobe_Access
442,Shop,Psi Pouches,MindsEyelets_check,Mind's Eyelets,Motherlobe_Access
443,Shop,Psi Pouches,Expandolier_check,Expandolier,"Motherlobe_Access, MindsEyelets"
444,Shop,Psi Pouches,FluffPockets_check,Fluff Pockets,Motherlobe_Access
445,Shop,Psi Pouches,JumboFluffPouch_check,Jumbo Fluff Pouch,"Motherlobe_Access, FluffPockets"
446,Shop,Psi Pouches,PsifoldWallet_check,Psifold Wallet,Motherlobe_Access
447,Shop,Psi Pouches,AstralWallet_check,Astral Wallet,"Motherlobe_Access, PsifoldWallet"
448,Shop,Otto-Shop Filters,Psitonium_check,Psitonium,"Motherlobe_Access, Otto-Shot"
449,Shop,Otto-Shop Filters,Achromatizer_check,Achromatizer,"Motherlobe_Access, Otto-Shot"
450,Shop,Otto-Shop Filters,Classif-eyed_check,Classif-eyed,"Motherlobe_Access, Otto-Shot"
451,Shop,Otto-Shop Filters,HotDogSpectralizer_check,Hot Dog Spectralizer,"Motherlobe_Access, Otto-Shot"
452,Shop,Otto-Shop Filters,Psychodelica_check,Psychodelica,"Motherlobe_Access, Otto-Shot"
453,Shop,Otto-Shop Filters,Otto-Spot_check,Otto-Spot,"Motherlobe_Access, Otto-Shot"
454,Quarry,Otto's Lab,ThoughtTuner_check,Thought Tuner,Quarry_Access
455,Quarry,Otto's Lab,Otto-Shot_check,Otto-Shot,Quarry_Access
456,Global,NULL,Rank_Point1_check,Rank 1,NULL
457,Global,NULL,Rank_Point2_check,Rank 2,NULL
458,Global,NULL,Rank_Point3_check,Rank 3,NULL
459,Global,NULL,Rank_Point4_check,Rank 4,NULL
460,Global,NULL,Rank_Point5_check,Rank 5,NULL
461,Global,NULL,Rank_Point6_check,Rank 6,NULL
462,Global,NULL,Rank_Point7_check,Rank 7,NULL
463,Global,NULL,Rank_Point8_check,Rank 8,NULL
464,Global,NULL,Rank_Point9_check,Rank 9,NULL
465,Global,NULL,Rank_Point10_check,Rank 10,NULL
466,Global,NULL,Rank_Point11_check,Rank 11,NULL
467,Global,NULL,Rank_Point12_check,Rank 12,NULL
468,Global,NULL,Rank_Point13_check,Rank 13,NULL
469,Global,NULL,Rank_Point14_check,Rank 14,NULL
470,Global,NULL,Rank_Point15_check,Rank 15,NULL
471,Global,NULL,Rank_Point16_check,Rank 16,NULL
472,Global,NULL,Rank_Point17_check,Rank 17,NULL
473,Global,NULL,Rank_Point18_check,Rank 18,NULL
474,Global,NULL,Rank_Point19_check,Rank 19,NULL
475,Global,NULL,Rank_Point20_check,Rank 20,NULL
476,Global,NULL,Rank_Point21_check,Rank 21,NULL
477,Global,NULL,Rank_Point22_check,Rank 22,NULL
478,Global,NULL,Rank_Point23_check,Rank 23,NULL
479,Global,NULL,Rank_Point24_check,Rank 24,NULL
480,Global,NULL,Rank_Point25_check,Rank 25,NULL
481,Global,NULL,Rank_Point26_check,Rank 26,NULL
482,Global,NULL,Rank_Point27_check,Rank 27,NULL
483,Global,NULL,Rank_Point28_check,Rank 28,NULL
484,Global,NULL,Rank_Point29_check,Rank 29,NULL
485,Global,NULL,Rank_Point30_check,Rank 30,NULL
486,Global,NULL,Rank_Point31_check,Rank 31,NULL
487,Global,NULL,Rank_Point32_check,Rank 32,NULL
488,Global,NULL,Rank_Point33_check,Rank 33,NULL
489,Global,NULL,Rank_Point34_check,Rank 34,NULL
490,Global,NULL,Rank_Point35_check,Rank 35,NULL
491,Global,NULL,Rank_Point36_check,Rank 36,NULL
492,Global,NULL,Rank_Point37_check,Rank 37,NULL
493,Global,NULL,Rank_Point38_check,Rank 38,NULL
494,Global,NULL,Rank_Point39_check,Rank 39,NULL
495,Global,NULL,Rank_Point40_check,Rank 40,NULL
496,Global,NULL,Rank_Point41_check,Rank 41,NULL
497,Global,NULL,Rank_Point42_check,Rank 42,NULL
498,Global,NULL,Rank_Point43_check,Rank 43,NULL
499,Global,NULL,Rank_Point44_check,Rank 44,NULL
500,Global,NULL,Rank_Point45_check,Rank 45,NULL
501,Global,NULL,Rank_Point46_check,Rank 46,NULL
502,Global,NULL,Rank_Point47_check,Rank 47,NULL
503,Global,NULL,Rank_Point48_check,Rank 48,NULL
504,Global,NULL,Rank_Point49_check,Rank 49,NULL
505,Global,NULL,Rank_Point50_check,Rank 50,NULL
506,Global,NULL,Rank_Point51_check,Rank 51,NULL
507,Global,NULL,Rank_Point52_check,Rank 52,NULL
508,Global,NULL,Rank_Point53_check,Rank 53,NULL
509,Global,NULL,Rank_Point54_check,Rank 54,NULL
510,Global,NULL,Rank_Point55_check,Rank 55,NULL
511,Global,NULL,Rank_Point56_check,Rank 56,NULL
512,Global,NULL,Rank_Point57_check,Rank 57,NULL
513,Global,NULL,Rank_Point58_check,Rank 58,NULL
514,Global,NULL,Rank_Point59_check,Rank 59,NULL
515,Global,NULL,Rank_Point60_check,Rank 60,NULL
516,Global,NULL,Rank_Point61_check,Rank 61,NULL
517,Global,NULL,Rank_Point62_check,Rank 62,NULL
518,Global,NULL,Rank_Point63_check,Rank 63,NULL
519,Global,NULL,Rank_Point64_check,Rank 64,NULL
520,Global,NULL,Rank_Point65_check,Rank 65,NULL
521,Global,NULL,Rank_Point66_check,Rank 66,NULL
522,Global,NULL,Rank_Point67_check,Rank 67,NULL
523,Global,NULL,Rank_Point68_check,Rank 68,NULL
524,Global,NULL,Rank_Point69_check,Rank 69,NULL
525,Global,NULL,Rank_Point70_check,Rank 70,NULL
526,Global,NULL,Rank_Point71_check,Rank 71,NULL
527,Global,NULL,Rank_Point72_check,Rank 72,NULL
528,Global,NULL,Rank_Point73_check,Rank 73,NULL
529,Global,NULL,Rank_Point74_check,Rank 74,NULL
530,Global,NULL,Rank_Point75_check,Rank 75,NULL
531,Global,NULL,Rank_Point76_check,Rank 76,NULL
532,Global,NULL,Rank_Point77_check,Rank 77,NULL
533,Global,NULL,Rank_Point78_check,Rank 78,NULL
534,Global,NULL,Rank_Point79_check,Rank 79,NULL
535,Global,NULL,Rank_Point80_check,Rank 80,NULL
536,Global,NULL,Rank_Point81_check,Rank 81,NULL
537,Global,NULL,Rank_Point82_check,Rank 82,NULL
538,Global,NULL,Rank_Point83_check,Rank 83,NULL
539,Global,NULL,Rank_Point84_check,Rank 84,NULL
540,Global,NULL,Rank_Point85_check,Rank 85,NULL
541,Global,NULL,Rank_Point86_check,Rank 86,NULL
542,Global,NULL,Rank_Point87_check,Rank 87,NULL
543,Global,NULL,Rank_Point88_check,Rank 88,NULL
544,Global,NULL,Rank_Point89_check,Rank 89,NULL
545,Global,NULL,Rank_Point90_check,Rank 90,NULL
546,Global,NULL,Rank_Point91_check,Rank 91,NULL
547,Global,NULL,Rank_Point92_check,Rank 92,NULL
548,Global,NULL,Rank_Point93_check,Rank 93,NULL
549,Global,NULL,Rank_Point94_check,Rank 94,NULL
550,Global,NULL,Rank_Point95_check,Rank 95,NULL
551,Global,NULL,Rank_Point96_check,Rank 96,NULL
552,Global,NULL,Rank_Point97_check,Rank 97,NULL
553,Global,NULL,Rank_Point98_check,Rank 98,NULL
554,Global,NULL,Rank_Point99_check,Rank 99,NULL
555,Global,NULL,Rank_Point100_check,Rank 100,NULL
556,Global,NULL,Rank_Point101_check,Rank 101,NULL
557,Global,NULL,Rank_Point102_check,Rank 102,NULL
558,Global,NULL,Loboto_StoryComplete_check,Loboto's Labrynth Complete,Loboto_Access
559,Global,NULL,HC_StoryComplete_check,Hollis' Classroom Complete,HC_Access
560,Global,NULL,HH_StoryComplete_check,Hollis' Hot Streak Complete,HH_Access
561,Global,NULL,Compton_StoryComplete_check,Compton's Cookoff Complete,Compton_Access
562,Global,NULL,PsiKing_StoryComplete_check,Psi King's Sensorium Complete,PsiKing_Access
563,Global,NULL,Ford_StoryComplete_check,Ford's Follicles Complete,Ford_Access
564,Global,NULL,StrikeCity_StoryComplete_check,Strike City Complete,StrikeCity_Access
565,Global,NULL,Cruller_StoryComplete_check,Cruller's Correspondence Complete,Cruller_Access
566,Global,NULL,Tomb_StoryComplete_check,Tomb of the Sharkophagus Complete,Tomb_Access
567,Global,NULL,Bob_StoryComplete_check,Bob's Bottles Complete,Bob_Access
568,Global,NULL,Cassie_StoryComplete_check,Cassie's Collection Complete,Cassie_Access
569,Global,NULL,Lucy_StoryComplete_check,Lucrecia's Lament Complete,Lucy_Access
570,Global,NULL,Nick_StoryComplete_check,Fatherland Follies Complete,Nick_Access
571,Green Needle Gulch,NULL,Maligula_check,Interact with Astralathe for Maligula fight,GNG_Access
572,Global,NULL,Melee_check,Melee - Base Power,NULL
573,Global,NULL,Melee_Upgrade1_check,Melee - Dodge Attack,NULL
574,Global,NULL,Melee_Upgrade2_check,Melee - Slap Happy,NULL
575,Global,NULL,Melee_Upgrade3_check,Melee - Shockwave,NULL
576,Global,NULL,Telekinesis_check,Telekinesis - Base Power,NULL
577,Global,NULL,Telekinesis_Upgrade1_check,Telekinesis - Extra Mustard,Telekinesis
578,Global,NULL,Telekinesis_Upgrade2_check,Telekinesis - Sleight of Hand,Telekinesis
579,Global,NULL,Telekinesis_Upgrade3_check,Telekinesis - Swift Lift,Telekinesis
580,Global,NULL,PsiBlast_check,Psi Blast - Base Power,NULL
581,Global,NULL,PsiBlast_Upgrade1_check,Psi Blast - Overcharge,PsiBlast
582,Global,NULL,PsiBlast_Upgrade2_check,Psi Blast - Mind Mag,PsiBlast
583,Global,NULL,PsiBlast_Upgrade3_check,Psi Blast - Chain Brain,PsiBlast
584,Global,NULL,Pyrokinesis_check,Pyrokinesis - Base Power,NULL
585,Global,NULL,Pyrokinesis_Upgrade1_check,Pyrokinesis - Bonfire,Pyrokinesis
586,Global,NULL,Pyrokinesis_Upgrade2_check,Pyrokinesis - Slow Cooker,Pyrokinesis
587,Global,NULL,Pyrokinesis_Upgrade3_check,Pyrokinesis - Tres Bon Fire,Pyrokinesis
588,Global,NULL,Levitation_check,Levitation - Base Power,NULL
589,Global,NULL,Levitation_Upgrade1_check,Levitation - Wrecking Ball,Levitation
590,Global,NULL,Levitation_Upgrade2_check,Levitation - Pouncy Ball,Levitation
591,Global,NULL,Levitation_Upgrade3_check,Levitation - Levastation!,Levitation
592,Global,NULL,Clairvoyance_check,Clairvoyance - Base Power,NULL
593,Global,NULL,Clairvoyance_Upgrade1_check,Clairvoyance - Lasting Gaze,Clairvoyance
594,Global,NULL,Clairvoyance_Upgrade2_check,Clairvoyance - Mental Block,Clairvoyance
595,Global,NULL,Clairvoyance_Upgrade3_check,Clairvoyance - Rank 102: Limitless,Clairvoyance
596,Global,NULL,MentalConnection_check,Mental Connection - Base Power,NULL
597,Global,NULL,MentalConnection_Upgrade1_check,Mental Connection - Sucker Punch,MentalConnection
598,Global,NULL,MentalConnection_Upgrade2_check,Mental Connection - Think Fast,MentalConnection
599,Global,NULL,MentalConnection_Upgrade3_check,Mental Connection - Rank 30: Dark Thoughts,MentalConnection
600,Global,NULL,TimeBubble_check,Time Bubble - Base Power,NULL
601,Global,NULL,TimeBubble_Upgrade1_check,Time Bubble - Quick Time,TimeBubble
602,Global,NULL,TimeBubble_Upgrade2_check,Time Bubble - Rank 30: Time Zone,TimeBubble
603,Global,NULL,TimeBubble_Upgrade3_check,Time Bubble - Rank 50: Overstay,TimeBubble
604,Global,NULL,Projection_check,Projection - Base Power,NULL
605,Global,NULL,Projection_Upgrade1_check,Projection - Medi-Pal,Projection
606,Global,NULL,Projection_Upgrade2_check,Projection - Two-Ply,Projection
607,Global,NULL,Projection_Upgrade3_check,Projection - Paper Cuts,Projection